{
  "images" : [
    {
      "idiom" : "iphone",
      "size" : "29x29",
      "scale" : "1x"
    },
    {
      "idiom" : "iphone",
      "size" : "29x29",
      "scale" : "2x"
    },
    {
      "idiom" : "iphone",
      "size" : "29x29",
      "scale" : "3x"
    },
    {
      "idiom" : "iphone",
      "size" : "40x40",
      "scale" : "2x"
    },
    {
      "idiom" : "iphone",
      "size" : "40x40",
      "scale" : "3x"
    },
    {
      "size" : "57x57",
      "idiom" : "iphone",
      "filename" : "iphone1x.png",
      "scale" : "1x"
    },
    {
      "size" : "57x57",
      "idiom" : "iphone",
      "filename" : "iphone2x.png",
      "scale" : "2x"
    },
    {
      "size" : "60x60",
      "idiom" : "iphone",
      "filename" : "iphone7.png",
      "scale" : "2x"
    },
    {
      "idiom" : "iphone",
      "size" : "60x60",
      "scale" : "3x"
    },
    {
      "idiom" : "ipad",
      "size" : "29x29",
      "scale" : "1x"
    },
    {
      "idiom" : "ipad",
      "size" : "29x29",
      "scale" : "2x"
    },
    {
      "idiom" : "ipad",
      "size" : "40x40",
      "scale" : "1x"
    },
    {
      "idiom" : "ipad",
      "size" : "40x40",
      "scale" : "2x"
    },
    {
      "idiom" : "ipad",
      "size" : "50x50",
      "scale" : "1x"
    },
    {
      "idiom" : "ipad",
      "size" : "50x50",
      "scale" : "2x"
    },
    {
      "size" : "72x72",
      "idiom" : "ipad",
      "filename" : "ipad1x.png",
      "scale" : "1x"
    },
    {
      "size" : "72x72",
      "idiom" : "ipad",
      "filename" : "ipad2x.png",
      "scale" : "2x"
    },
    {
      "size" : "76x76",
      "idiom" : "ipad",
      "filename" : "ipadmini1x.png",
      "scale" : "1x"
    },
    {
      "size" : "76x76",
      "idiom" : "ipad",
      "filename" : "ipadmini2x.png",
      "scale" : "2x"
    },
    {
      "idiom" : "ipad",
      "size" : "83.5x83.5",
      "scale" : "2x"
    }
  ],
  "info" : {
    "version" : 1,
    "author" : "xcode"
  },
  "properties" : {
    "pre-rendered" : true
  }
}